{
  "project_info": {
    "project_number": "182920349211",
    "firebase_url": "https://voicedata-7e3b0.firebaseio.com",
    "project_id": "voicedata-7e3b0",
    "storage_bucket": "voicedata-7e3b0.appspot.com"
  },
  "client": [
    {
      "client_info": {
        "mobilesdk_app_id": "1:182920349211:android:f28a185cb6decbaf",
        "android_client_info": {
          "package_name": "com.example.voice101"
        }
      },
      "oauth_client": [
        {
          "client_id": "182920349211-pk95748s1hkd4sk9cbef5096bk1nqoe5.apps.googleusercontent.com",
          "client_type": 1,
          "android_info": {
            "package_name": "com.example.voice101",
            "certificate_hash": "f905dbcec673ff2b3d7fc82054af32f0e0b53594"
          }
        },
        {
          "client_id": "182920349211-vjkg57cu51urqggdghece0s20dna04um.apps.googleusercontent.com",
          "client_type": 3
        }
      ],
      "api_key": [
        {
          "current_key": "AIzaSyA7VMLrT8xW3yFpe9B-PEnNIw6O2SOgaQ8"
        }
      ],
      "services": {
        "appinvite_service": {
          "other_platform_oauth_client": [
            {
              "client_id": "182920349211-vjkg57cu51urqggdghece0s20dna04um.apps.googleusercontent.com",
              "client_type": 3
            }
          ]
        }
      }
    }
  ],
  "configuration_version": "1"
}